Model,Accuracy,Precision,Recall,F1,Train Time (s),Predict Time (s),File Size (MB)
RandomForest,0.9356634756016488,0.9635173299101412,0.938717826859101,0.950955922411281,6.4384,0.1351,235.3762
ExtraTrees,0.9330541151442627,0.9525212093749214,0.9464218714825283,0.9494617450001255,5.1719,0.2551,584.3724
GradientBoosting,0.9143730886850153,0.9366364935683659,0.9343405287776082,0.9354871024292511,27.2478,0.055,0.1372
LogisticRegression,0.8654268049461508,0.9388558528796388,0.8530228369894195,0.8938835956646528,1.4016,0.0398,0.0026
