Model,Accuracy,Precision,Recall,F1,Train Time (s),Predict Time (s),File Size (MB)
RandomForest,0.9376246509772637,0.9670947444427253,0.9380424722979565,0.9523470929568165,7.3764,0.1338,223.1314
ExtraTrees,0.934616407392634,0.9542533081285445,0.9469971735160959,0.9506113942802621,6.1684,0.247,551.4349
GradientBoosting,0.9145392899880335,0.934300745505772,0.937292078341129,0.935794021426966,32.9678,0.0527,0.1374
LogisticRegression,0.8687009706156096,0.9333009157954454,0.8641536806823582,0.8973972673905138,0.7547,0.0161,0.0029
