Model,Accuracy,Precision,Recall,F1,Train Time (s),Predict Time (s),File Size (MB)
RandomForest,0.9998515659789223,0.9997405197019683,1.0,0.9998702430162938,2.6924604310006544,0.05126770599963493,2.61342716217041
ExtraTrees,0.9998515659789223,0.9997405197019683,1.0,0.9998702430162938,2.3063104050006586,0.048496317000171985,11.066948890686035
GradientBoosting,0.9998091562586144,0.9997034510879638,0.999962921764924,0.9998331695923777,17.94433660300001,0.04226170899983117,0.09656524658203125
LogisticRegression,0.9997667465383065,0.9995923056966013,1.0,0.9997961112861671,0.5824714460004543,0.041241912999794295,0.0026102066040039062
