Model,Accuracy,Precision,Recall,F1,Train Time (s),Predict Time (s),File Size (MB)
ExtraTrees,1.0,1.0,1.0,1.0,3.273922229999698,0.06534146700050769,11.25106143951416
GradientBoosting,1.0,1.0,1.0,1.0,40.42935450599998,0.05382632499913598,0.10343170166015625
RandomForest,0.999978795139846,0.9999629231396685,1.0,0.9999814612261545,3.3377742080001553,0.055940076999831945,2.226250648498535
LogisticRegression,0.9998939756992302,0.9998146431881372,1.0,0.9999073130039855,0.645053726999322,0.04519222700037062,0.0038614273071289062
