Model,Accuracy,Precision,Recall,F1,Train Time (s),Predict Time (s),File Size (MB)
RandomForest,0.9383393165802419,0.9671071272184014,0.9391430501013032,0.9529199766503388,7.5057,0.1522,221.5579
ExtraTrees,0.9364612418561361,0.955663658819378,0.9483728957702794,0.9520043187325022,6.4848,0.2603,554.9937
GradientBoosting,0.9176472543544741,0.9390072699924793,0.9369168813627154,0.9379609109917489,34.523,0.0549,0.1373
LogisticRegression,0.8716593538093339,0.9423493595896986,0.859426198754346,0.8989795918367347,1.1237,0.0427,0.0028
